{
    "id":"LostItem",
    "name":[
        "A Missing Item",
        "A Hidden Item",
        "A Lost Treause"
    ],
    "type":"random",
    "start":[
        "#startingPoint"
    ],
    "#startingPoint":{
        "msg":[
            "While walking you notice a glint in the dirt. It looks like someone left something there.",
            "Something is reflecting the sunlight on the dirt. It appears that something was forgotten."
        ],
        "actions":[
            {
                "action":"Go over to it",
                "eventDo":[
                    ["say","You think to yourself that you might as well take whatever it is that someone left behind."],
                    ["goto", ["#success", "#fail"]]
                ]
            },
            {
                "action":"Leave it",
                "eventDo":[
                    ["say","You decide to leave the item. Whoever owns it might be looking for it."],
                    ["finish"]
                ]
            }
        ]
    },
    "#success":{
        "msg":[
            "You walk over to where you saw the glittering. It looks like something is sticking up out of the dirt."
        ],
        "actions":[
            {
                "action":"Dig it up",
                "eventDo":[
                    ["say","You dig the item up. Excitedly you pick it up and examine it, revealing an iron sword."],
                    ["give","weapon_ironSword", 1],
                    ["finish"]
                ]
            },
            {
                "action":"Give up",
                "eventDo":[
                    ["say", "You contemplate digging it up, but decide its not worth the time."],
                    ["finish"]
                ]
            }
        ]
    },
    "#fail":{
        "msg":[
            "You walk over to where you saw the glittering. It looks like something is sticking up out of the dirt."
        ],
        "actions":[
            {
                "action":"Dig it up",
                "eventDo":[
                    ["say","You dig the item up. Excitedly you pick it up and examine it, only to see that it was just a small piece of metal."],
                    ["give","misc_pieceOfMetal", 1],
                    ["finish"]
                ]
            },
            {
                "action":"Give up",
                "eventDo":[
                    ["say", "You contemplate digging it up, but decide its not worth the time."],
                    ["finish"]
                ]
            }
        ]
    }
}