{
    "id":"caveWolfEvent1",
    "type":"random",
    "name":[
        "A Group of Wolves"
    ],
    "start":[
        "#startingPoint"
    ],
    "#startingPoint":{
        "msg":[
            "You continue working your way through the tight chambers of the cave. Pushing through a particularly tight passageway you lose your balance and trip. You quickly get up to see several wolves circling around you."
        ],
        "actions":[
            {
                "action":"Prepare yourself for a fight",
                "eventDo":[
                    ["spawnEnemy",["enemy_wolf", "enemy_wolf", "enemy_greatWolf"]],
                    ["finish"]
                ]
            }
        ]
    }
}