{
	"name":[
		"A hidden stash",
		"A stash of junk",
		"A rotten box."
	],
	"type":"random",
	"msg":[
		"You stumble upon a stash of random junk and other odds and ends.",
		"You trip on a box. It seems to only contain junk, but hey, you might get lucky.",
		"A broken box is in the ground. It is covered in moss and is partially rotten."
	],
	"actions":[
		{
			"Search it":{
				"success":{
					"chance":3,
					"msg":"You find something in the stash.",
					"reward":{
						"armor":[
							"armor_hideArmor"
						],
						"misc":[
							"misc_stick",
							"misc_wolfPelt"
						]
					}
				},
				"fail":{
					"chance":7,
					"msg":"You cannot seem to find anything of use."
				}
			},
			"Ignore it":"You continue on."
		}
	]
}