{
    "id":"",
    "type":"random",
    "isRepeatable":false,
    "name":[
        "A Strange Orb"
    ],
    "start":[
        "#startingPoint"
    ],
    "#startingPoint":{
        "msg":["As you walk down the path you notice a patch of burnt up grass. You stop and take a closer look at the patch of burnt grass and see a small orb sitting in the center of it."],
        "actions":[
            {
                "action":"Pick it up",
                "eventDo":[
                    ["say","You kneel down and pick the orb up. You examine the strange metal sphere and realize that you really do not have any idea what it is."],
                    ["give","misc_mysteriousOrb", 1],
                    ["finish"]
                ]
            }
        ]
    }
}