{
	"name":[
        "$racetype $title",
        "$title"
    ],
    "title":{
        "type":"choose",
        "choices":[
            "Bandit",
            "Thief",
            "Scoundrel",
            "Outcast"
        ]
    },
    "racetype":{
        "type":"choose",
        "choices":[
            "Human",
            "Elven",
            "Orc"
        ]
    },
	"eID":"banditStrong",
	"desc":[
		"It's a bandit... What else do you want from me?"
	],
	"deathMsg":[
		"topples to the ground, his blood pooling around his body.",
		"breathes his last and falls to the ground, his blood pooling around his body."
	],
	"hp":"2d6+10",
	"damage":"0",
	"modCount":"1d2",
	"modifier":[
		["strong","1d6"],
		["largeBody","1d6"],
		["veryStrong","1d4"]
	],
	"weapon":[
		"weapon_steelSword"
	],
	"armor":[
		"armor_hideArmor"
	],
	"itemChance":60,
	"itemDrops":[
        ["consumable_potion_health", "You search the bandit, finding a potion."],
        ["consumable_potion_health", "You search the bandit, finding a potion."],
        ["weapon_steelSword", "You search the bandit, finding a potion."]
	],
	"xp":10
}