{
	"name":[
		"Orc Captain",
		"Orc Veteran",
		"Veteran Orc Soldier",
		"Skilled Orc Fighter"
	],
	"eID":"orcCaptain",
	"desc":[
		"The scars accrossed his face from previous battles show that this orc has been living for a long time.",
		"The orc is in a battle stance. It obviously has experience in fighting.",
		"The orc is huge. It is almost as tall as two of you."
	],
	"deathMsg":[
		"roars in defeat before dying.",
		"lays limp and bloodied."
	],
	"hp":"3d6+15",
	"damage":"1d3",
	"modifier":[
		["None",5],
		["strong",3],
		["sick",1],
		["veryStrong",1]
	],
	"weapon":[
		"weapon_orcSword"
	],
	"armor":[
		"armor_orcArmor"
	],
	"itemChance":50,
	"itemDrops":[
		["armor_ironArmor", "You see that the orc you killed had a bag of valuables. Within it you find some iron armor."],
		["consumable_potion_health", "You search the $name and find a healing potion."],
		["consumable_potion_health", "You search the Orc and find a healing potion."]
	],
	"xp":20
}