{
    "name":"Dwarf",
    "id":"dwarf",
    "baseStats":{
        "strength":6,
        "vitality":6,
        "physique":4,
        "intelligence":6
    },
    "baseSkills":[],
    "standing":{
        "elf":-3,
        "drakt":-2,
        "orc":0,
        "human":5
    },
    "playable":true,
    "limbs":[
        {
            "type":"head",
            "name":"Head",
            "hitChance":"2d8",
            "maxHealth":25,
            "attacks":[],
            "flags":["vital"]
        },
        {
            "type":"torso",
            "name":"Torso",
            "hitChance":"1d4",
            "maxHealth":50,
            "attacks":[],
            "flags":["vital"]
        },
        {
            "type":"arm",
            "name":"Left Arm",
            "hitChance":"1d6",
            "maxHealth":50,
            "attacks":[
                ["Punch", "$user punches the target.", "1d3"]
            ],
            "flags":[
                "equippable"
            ]
        },
        {
            "type":"arm",
            "name":"Right Arm",
            "hitChance":"1d6",
            "maxHealth":50,
            "attacks":[
                ["Punch", "$user punches the target.", "1d3"]
            ],
            "flags":[
                "equippable"
            ]
        },
        {
            "type":"leg",
            "name":"Left Leg",
            "hitChance":"1d4",
            "maxHealth":50,
            "attacks":[
                ["Kick", "$user kicks the target.", "1d3"]
            ],
            "flags":[]
        },
        {
            "type":"leg",
            "name":"Right Leg",
            "hitChance":"1d4",
            "maxHealth":50,
            "attacks":[
                ["Kick", "$user kicks the target.", "1d3"]
            ],
            "flags":[]
        }
    ]
}