{
	"name":[
        "$descriptor $aName"
	],
	"aName":{
		"type":"choose",
		"choices":[
            "Path",
            "Pathway",
            "Trail"
		]
	},
	"descriptor":{
		"type":"choose",
		"choices":[
            "Lightly Treaded",
            "Rough Looking",
            "Barely Treaded"
		]
	},
	"descriptorLowercase":{
		"type":"choose",
		"choices":[
            "lightly treaded",
            "rough looking",
            "barely treaded"
		]
	},
	"desc":[
        "You walk along the $descriptorLowercase path, unsure if it will actually lead anywhere worthwhile.",
        "The path is tough follow due to its apparent lack of use. You are unsure if following this path is the smartest decision."
	],
	"aType":"Forest",
	"hostilityMin":2,
	"hostilityMax":3,
	"eventChance":100,
	"events":[
        ["intro_event_2", "1d6"]
	],
	"enemyChance":0,
	"enemyMessage":[""],
	"enemyPointsPerHostility":1,
	"enemies":[],
	"npcChance":0,
	"npcs":[],
	"minNewAreas":1,
	"maxNewAreas":1,
	"areas":[
		["area_gen_forest_1","1d1", ["required","limited"]]
	]
}