{
	"name":[
        "$descriptor $aName"
	],
	"aName":{
		"type":"choose",
		"choices":[
            "Grove",
            "Clearing"
		]
	},
	"descriptor":{
		"type":"choose",
		"choices":[
            "Clear",
			"Empty",
			"Peaceful"
		]
	},
	"desc":[
        "You hear birds chirping somewhere in the distance. Opening your eyes, you are greated to a clear $aName."
	],
	"aType":"Empty Forest",
	"hostilityMin":1,
	"hostilityMax":1,
	"eventChance":100,
	"events":[
		["intro_event_1","1d1"]
	],
	"enemyChance":0,
	"enemyMessage":[""],
	"enemyPointsPerHostility":1,
	"enemies":[],
	"npcChance":0,
	"npcs":[],
	"minNewAreas":1,
	"maxNewAreas":1,
	"areas":[
		["area_start_2","1d1", ["required", "limited"]]
	]
}