{
	"name":[
        "$nameDesc $room",
        "$room"
    ],
	"room":{
		"type":"choose",
		"choices":[
            "Passage",
            "Cavernous Room",
            "Cavern",
            "Pathway",
            "Chamber",
            "Clear Space"
		]
	},
	"nameDesc":{
		"type":"choose",
		"choices":[
            "Dimly lit",
            "Darkly lit",
            "Barely lit",
            "Dark",
            "Small",
            "Large",
            "Tight",
            "Drafty",
            "Slim",
            "Sparkling"
		]
	},
	"nameDescLowercase":{
		"type":"choose",
		"choices":[
            "dimly lit",
            "darkly lit",
            "barely lit",
            "dark",
            "small",
            "large",
            "roomy",
            "tight",
            "drafty",
            "slim",
            "sparkling"
		]
	},
	"randomDetail":{
		"type":"choose",
		"choices":[
			"You can hear the faint sound of dripping water echoing through the dark passages.",
			"There are streaks of dried up blood along the floor. It looks like cave's inhabitants drag their prey deep into the cave system."
		]
	},
	"desc":[
		"You continue working your way through the $nameDescLowercase cave system. $randomDetail",
		"The winding corridors of the $nameDescLowercase give a deepening sense of dread the further in you go. $randomDetail"
	],
	"aType":"Cave",
	"hostilityMin":4,
	"hostilityMax":6,
	"eventChance":35,
	"events":[
		["event_cave_wolf_1", "1d6"]
	],
	"enemyChance":66,
	"enemyMessage":[
		"You can discern moving shapes within the $nameDescLowercase passageway.",
		"Multiple pairs of eyes stare at you as you work your way through the $nameDescLowercase tunnel.",
		"A growl alerts you to several enemies within the $nameDescLowercase cavern.",
		"The $nameDescLowercase passage appears to be full of enemies."
	],
	"enemyPointsPerHostility":2,
	"enemies":[
        ["enemy_wolf", 2],
        ["enemy_greatWolf", 5]
	],
	"npcChance":0,
	"npcs":[],
	"minNewAreas":2,
	"maxNewAreas":3,
	"areas":[
        ["cave_wolf_room_2a", "1d6", ["limited"]],
        ["cave_wolf_room_1a", "1d6"]
	]
}