{
	"title":"Multiple Requirement Test",
	"desc":"Dev only quest. Should not be in main game",
	"qID":"DevQuest",
	"spawnConditions":[
		["inAreaType","Enemy Land"],
		["isKilled","orcCaptain"]
	],
	"spawnChance":9,
	"do":[
		["say","Now that there are fewer Orc Captains in the area, I should be on the look out for stronger Orcs attempting to avenge him."]
	],
	"nextStep":{
		"requirements":[
			["inAreaType","Enemy Land"]
		],
		"do":[
			["spawnEnemy","enemy_orcCaptain"],
			["spawnEnemy","enemy_orcCaptain"],
			["spawnEnemy","enemy_orcCaptain"],
			["say","A war horn goes off in the distance. Powerful Orcs must be here to avenge one I killed earlier."],
			["questComplete",true]
		]
	}
}